season,round,pick,team,gsis_id,pfr_player_id,cfb_player_id,pfr_player_name,hof,position,category,side,college,age,to,allpro,probowls,seasons_started,w_av,car_av,dr_av,games,pass_completions,pass_attempts,pass_yards,pass_tds,pass_ints,rush_atts,rush_yards,rush_tds,receptions,rec_yards,rec_tds,def_solo_tackles,def_ints,def_sacks
2021,1,1,JAX,00-0036971,LawrTr00,trevor-lawrence-1,Trevor Lawrence,false,QB,QB,O,Clemson,21,2025,0,1,4,52,,52,77,1629,2594,17822,98,58,313,1442,23,0,-5,0,4,,
2021,1,2,NYJ,00-0037013,WilsZa00,zach-wilson-3,Zach Wilson,false,QB,QB,O,BYU,22,2025,0,0,3,13,,13,38,572,1004,6325,23,25,96,499,5,1,2,1,1,,
2021,1,3,SFO,00-0037012,LancTr00,trey-lance-1,Trey Lance,false,QB,QB,O,North Dakota St.,21,2025,0,0,0,6,,4,16,108,200,1289,5,5,82,361,1,0,0,0,1,,
2021,1,4,ATL,00-0036970,PittKy00,kyle-pitts-1,Kyle Pitts,false,TE,TE,O,Florida,20,2025,0,1,4,28,,28,78,0,0,0,0,0,1,-4,0,284,3579,15,3,,
2021,1,5,CIN,00-0036900,ChasJa00,jamarr-chase-1,Ja'Marr Chase,false,WR,WR,O,LSU,21,2025,2,5,4,58,,58,78,1,1,-7,0,0,21,69,0,520,6837,54,6,,
2021,1,6,MIA,00-0036613,WaddJa00,jaylen-waddle-1,Jaylen Waddle,false,WR,WR,O,Alabama,22,2025,0,0,4,41,,41,78,1,1,8,0,0,14,81,1,373,5039,26,4,,
2021,1,7,DET,00-0036880,SewePe00,penei-sewell-1,Penei Sewell,false,OL,OL,O,Oregon,20,2025,3,4,4,64,,64,83,0,0,0,0,0,0,0,0,1,9,0,,,
2021,1,8,CAR,00-0036944,HornJa00,jaycee-horn-1,Jaycee Horn,false,DB,DB,D,South Carolina,21,2025,0,2,2,22,,22,53,0,0,0,0,0,0,0,0,0,0,0,135,10,2.0
2021,1,9,DEN,00-0036874,SurtPa01,patrick-surtain-ii-1,Patrick Surtain II,false,DB,DB,D,Alabama,21,2025,2,4,4,51,,51,80,0,0,0,0,0,0,0,0,0,0,0,221,12,
2021,1,10,PHI,00-0036912,SmitDe07,devonta-smith-1,DeVonta Smith,false,WR,WR,O,Alabama,22,2025,0,0,4,47,,47,80,0,0,0,0,0,1,1,0,385,5019,31,1,,
2021,1,11,CHI,00-0036945,FielJu00,justin-fields-2,Justin Fields,false,QB,QB,O,Ohio St.,22,2025,0,0,3,44,,34,59,812,1323,9039,52,32,489,2892,23,0,0,0,,,
2021,1,12,DAL,00-0036932,ParsMi00,micah-parsons-1,Micah Parsons,false,LB,LB,D,Penn St.,22,2025,3,5,3,67,,56,77,0,0,0,0,0,0,0,0,0,0,0,191,,65.0
2021,1,13,LAC,00-0037009,SlatRa00,rashawn-slater-1,Rashawn Slater,false,OL,OL,O,Northwestern,22,2024,0,2,3,32,,32,51,0,0,0,0,0,0,0,0,0,0,0,,,
2021,1,14,NYJ,00-0036979,VeraAl00,alijah-vera-tucker-1,Alijah Vera-Tucker,false,OL,OL,O,USC,22,2024,0,0,2,14,,14,43,0,0,0,0,0,0,0,0,0,0,0,,,
2021,1,15,NWE,00-0036972,JoneMa05,mac-jones-1,Mac Jones,false,QB,QB,O,Alabama,23,2025,0,1,3,34,,24,63,1236,1859,12741,67,50,181,479,2,0,0,0,1,,
2021,1,16,ARI,00-0036933,CollZa00,zaven-collins-1,Zaven Collins,false,LB,LB,D,Tulsa,22,2025,0,0,3,24,,24,84,0,0,0,0,0,0,0,0,0,0,0,162,2,12.0
2021,1,17,LVR,00-0036892,LeatAl00,alex-leatherwood-1,Alex Leatherwood,false,OL,OL,O,Alabama,22,2022,0,0,1,8,,8,21,0,0,0,0,0,0,0,0,0,0,0,,,
2021,1,18,MIA,00-0036934,PhilJa02,jaelan-phillips-1,Jaelan Phillips,false,DL,DL,D,Miami (FL),22,2025,0,0,1,23,,19,63,0,0,0,0,0,0,0,0,0,0,0,119,1,28.0
2021,1,19,WAS,00-0036614,DaviJa11,jamin-davis-1,Jamin Davis,false,LB,LB,D,Kentucky,22,2025,0,0,2,16,,16,56,0,0,0,0,0,0,0,0,0,0,0,179,1,8.0
2021,1,20,NYG,00-0036913,ToneKa00,kadarius-toney-1,Kadarius Toney,false,WR,WR,O,Florida,22,2024,0,0,0,7,,3,35,1,4,19,0,0,23,115,1,82,760,3,1,,
2021,1,21,IND,00-0036479,PayeKw00,kwity-paye-1,Kwity Paye,false,DL,DL,D,Michigan,22,2025,0,0,4,32,,32,75,0,0,0,0,0,0,0,0,0,0,0,123,,30.5
2021,1,22,TEN,00-0036615,FarlCa00,caleb-farley-1,Caleb Farley,false,DB,DB,D,Virginia Tech,22,2024,0,0,0,2,,1,21,0,0,0,0,0,0,0,0,0,0,0,24,,
2021,1,23,MIN,00-0036616,DarrCh00,christian-darrisaw-1,Christian Darrisaw,false,OL,OL,O,Virginia Tech,22,2025,0,0,3,26,,26,58,0,0,0,0,0,0,0,0,0,0,0,1,,
2021,1,24,PIT,00-0036893,HarrNa00,najee-harris-1,Najee Harris,false,RB,RB,O,Alabama,23,2025,0,1,4,30,,29,71,1,1,4,0,0,1112,4373,28,183,1174,6,4,,
2021,1,25,JAX,00-0036973,EtieTr00,travis-etienne-1,Travis Etienne,false,RB,RB,O,Clemson,22,2025,0,0,3,33,,33,66,0,0,0,0,0,897,3798,25,168,1338,7,,,
2021,1,26,CLE,00-0036996,NewsGr00,greg-newsome-ii-1,Greg Newsome II,false,DB,DB,D,Northwestern,21,2025,0,0,3,19,,15,71,0,0,0,0,0,0,0,0,0,0,0,163,4,1.0
2021,1,27,BAL,00-0036550,BateRa00,rashod-bateman-1,Rashod Bateman,false,WR,WR,O,Minnesota,21,2025,0,0,2,20,,20,64,0,0,0,0,0,1,18,0,157,2147,15,,,
2021,1,28,NOR,00-0036926,TurnPa02,payton-turner-1,Payton Turner,false,DE,DL,D,Houston,22,2024,0,0,0,3,,3,31,0,0,0,0,0,0,0,0,0,0,0,30,,5.0
2021,1,29,GNB,00-0036901,StokEr00,eric-stokes-2,Eric Stokes,false,DB,DB,D,Georgia,22,2025,0,0,3,14,,9,61,0,0,0,0,0,0,0,0,0,0,0,133,1,
2021,1,30,BUF,00-0036914,RousGr00,gregory-rousseau-1,Gregory Rousseau,false,DL,DL,D,Miami (FL),21,2025,0,0,4,38,,38,78,0,0,0,0,0,0,0,0,0,0,0,159,1,32.0
2021,1,31,BAL,00-0036940,OwehJa00,jayson-oweh-1,Odafe Oweh,false,DE,DL,D,Penn St.,22,2025,0,0,1,16,,14,79,0,0,0,0,0,0,0,0,0,0,0,118,,30.5
2021,1,32,TAM,00-0036967,TryoJo00,joe-tryon-1,Joe Tryon-Shoyinka,false,OLB,LB,D,Washington,22,2025,0,0,3,23,,22,82,0,0,0,0,0,0,0,0,0,0,0,97,,15.0
2021,2,33,JAX,00-0036974,CampTy01,tyson-campbell-1,Tyson Campbell,false,DB,DB,D,Georgia,21,2025,0,0,4,25,,20,72,0,0,0,0,0,0,0,0,0,0,0,241,7,
2021,2,34,NYJ,00-0036980,MoorEl00,elijah-moore-1,Elijah Moore,false,WR,WR,O,Mississippi,21,2025,0,0,3,15,,7,70,0,0,0,0,0,26,95,2,209,2274,9,4,,
2021,2,35,DEN,00-0036997,WillJa10,javonte-williams-1,Javonte Williams,false,RB,RB,O,North Carolina,21,2025,0,0,2,28,,19,70,0,0,0,0,0,858,3595,22,193,1103,7,1,,
2021,2,36,MIA,00-0036998,HollJe02,jevon-holland-1,Jevon Holland,false,S,DB,D,Oregon,21,2025,0,0,4,25,,21,74,0,0,0,0,0,0,0,0,0,0,0,257,6,5.0
2021,2,37,PHI,00-0037002,DickLa00,landon-dickerson-1,Landon Dickerson,false,OL,OL,O,Alabama,22,2025,0,3,4,36,,36,78,0,0,0,0,0,0,0,0,0,0,0,1,,
2021,2,38,NWE,00-0036981,BarmCh00,christian-barmore-1,Christian Barmore,false,DL,DL,D,Alabama,22,2025,0,0,0,17,,17,65,0,0,0,0,0,0,0,0,0,0,0,95,,15.5
2021,2,39,CHI,00-0036953,JenkTe00,teven-jenkins-1,Teven Jenkins,false,OL,OL,O,Oklahoma St.,23,2025,0,0,3,17,,15,62,0,0,0,0,0,0,0,0,0,0,0,2,,
2021,2,40,ATL,00-0036961,GranRi00,richie-grant-1,Richie Grant,false,DB,DB,D,Central Florida,23,2025,0,0,2,13,,13,68,0,0,0,0,0,0,0,0,0,0,0,178,3,3.0
2021,2,41,DET,00-0036954,OnwuLe00,levi-onwuzurike-1,Levi Onwuzurike,false,DL,DL,D,Washington,23,2024,0,0,1,7,,7,42,0,0,0,0,0,0,0,0,0,0,0,35,,3.5
2021,2,42,MIA,00-0037010,EichLi00,liam-eichenberg-1,Liam Eichenberg,false,OL,OL,O,Notre Dame,23,2024,0,0,4,23,,23,60,0,0,0,0,0,0,0,0,0,0,0,,,
2021,2,43,LVR,00-0036962,MoehTr00,trevon-moehrig-woodard-1,Tre'von Moehrig,false,S,DB,D,TCU,22,2025,0,0,4,25,,20,82,0,0,0,0,0,0,0,0,0,0,0,267,7,6.0
2021,2,44,DAL,00-0036935,JoseKe02,kelvin-joseph-1,Kelvin Joseph,false,DB,DB,D,Kentucky,21,2024,0,0,0,2,,2,33,0,0,0,0,0,0,0,0,0,0,0,34,,
2021,2,45,JAX,00-0036975,LittWa00,walker-little-1,Walker Little,false,T,OL,O,Stanford,22,2025,0,0,1,18,,18,70,0,0,0,0,0,0,0,0,0,0,0,,,
2021,2,46,CIN,00-0036865,CarmJa00,jackson-carman-1,Jackson Carman,false,T,OL,O,Clemson,21,2024,0,0,0,5,,4,30,0,0,0,0,0,0,0,0,0,0,0,,,
2021,2,47,LAC,00-0036617,SamuAs00,asante-samuel-jr-1,Asante Samuel Jr.,false,DB,DB,D,Florida St.,21,2025,0,0,3,15,,14,56,0,0,0,0,0,0,0,0,0,0,0,154,7,
2021,2,48,SFO,00-0036551,BankAa00,aaron-banks-4,Aaron Banks,false,OL,OL,O,Notre Dame,24,2025,0,0,3,26,,20,68,0,0,0,0,0,0,0,0,0,0,0,,,
2021,2,49,ARI,00-0036936,MoorRo02,rondale-moore-1,Rondale Moore,false,WR,WR,O,Purdue,21,2023,0,0,0,12,,12,39,0,0,0,0,0,52,249,1,135,1201,3,1,,
2021,2,50,NYG,00-0036552,OjulAz00,azeez-ojulari-1,Azeez Ojulari,false,OLB,LB,D,Georgia,21,2025,0,0,1,17,,16,49,0,0,0,0,0,0,0,0,0,0,0,61,,22.0
2021,2,51,WAS,00-0036618,CosmSa00,samuel-cosmi-1,Samuel Cosmi,false,OL,OL,O,Texas,22,2025,0,0,2,26,,26,66,0,0,0,0,0,0,0,0,0,0,0,,,
2021,2,52,CLE,00-0036915,OwusJe00,jeremiah-owusu-koramoah-1,Jeremiah Owusu-Koramoah,false,LB,LB,D,Notre Dame,21,2024,0,1,3,22,,22,49,0,0,0,0,0,0,0,0,0,0,0,205,3,8.0
2021,2,53,TEN,00-0036619,RaduDi00,,Dillon Radunz,false,T,OL,O,North Dakota St.,23,2025,0,0,2,14,,11,69,0,0,0,0,0,0,0,0,0,0,0,1,,
2021,2,54,IND,00-0036480,OdeyDa00,dayo-odeyingbo-1,Dayo Odeyingbo,false,DL,DL,D,Vanderbilt,21,2025,0,0,1,15,,12,69,0,0,0,0,0,0,0,0,0,0,0,67,,17.5
2021,2,55,PIT,00-0036894,FreiPa00,pat-freiermuth-1,Pat Freiermuth,false,TE,TE,O,Penn St.,22,2025,0,0,2,22,,22,78,0,0,0,0,0,0,0,0,261,2676,22,2,,
2021,2,56,SEA,00-0036620,EskrDW00,dwayne-eskridge-1,D'Wayne Eskridge,false,WR,WR,O,Western Michigan,24,2025,0,0,0,3,,2,43,0,0,0,0,0,8,74,0,24,228,1,1,,
2021,2,57,LAR,00-0036849,AtweTu00,chatarius-atwell-1,Tutu Atwell,false,WR,WR,O,Louisville,21,2025,0,0,1,14,,14,64,0,1,0,0,0,16,72,1,105,1535,5,,,
2021,2,58,KAN,00-0036621,BoltNi00,nick-bolton-1,Nick Bolton,false,LB,LB,D,Missouri,21,2025,0,0,3,30,,30,74,0,0,0,0,0,0,0,0,0,0,0,362,5,6.0
2021,2,59,CAR,00-0036955,MarsTe00,terrace-marshall-jr-1,Terrace Marshall Jr.,false,WR,WR,O,LSU,21,2024,0,0,1,6,,6,43,0,0,0,0,0,0,0,0,67,808,1,1,,
2021,2,60,NOR,00-0036927,WernPe00,pete-werner-1,Pete Werner,false,LB,LB,D,Ohio St.,22,2025,0,0,3,30,,30,73,0,0,0,0,0,0,0,0,0,0,0,256,1,2.5
2021,2,61,BUF,00-0036553,BashCa00,carlos-basham-jr-1,Boogie Basham,false,DL,DL,D,Wake Forest,23,2025,0,0,0,4,,3,43,0,0,0,0,0,0,0,0,0,0,0,27,1,4.5
2021,2,62,GNB,00-0036622,MyerJo00,josh-myers-1,Josh Myers,false,C,OL,O,Ohio St.,23,2025,0,0,3,32,,27,73,0,0,0,0,0,0,0,0,0,0,0,,,
2021,2,63,KAN,00-0036623,HumpCr00,creed-humphrey-1,Creed Humphrey,false,OL,OL,O,Oklahoma,22,2025,2,4,4,51,,51,85,0,0,0,0,0,0,0,0,0,0,0,1,,
2021,2,64,TAM,00-0036928,TrasKy00,kyle-trask-1,Kyle Trask,false,QB,QB,O,Florida,23,2024,0,0,0,0,,0,7,4,11,28,0,0,6,-5,0,0,0,0,,,
2021,3,65,JAX,00-0036941,CiscAn00,andre-cisco-1,Andre Cisco,false,DB,DB,D,Syracuse,21,2025,0,0,3,20,,18,71,0,0,0,0,0,0,0,0,0,0,0,180,8,1.5
2021,3,66,MIN,00-0036946,MondKe00,kellen-mond-1,Kellen Mond,false,QB,QB,O,Texas A&M,22,2021,0,0,0,0,,0,1,2,3,5,0,0,0,0,0,0,0,0,,,
2021,3,67,HOU,00-0036898,MillDa02,davis-mills-1,Davis Mills,false,QB,QB,O,Stanford,22,2025,0,0,2,17,,17,44,684,1107,7082,40,26,68,232,3,0,0,0,2,,
2021,3,68,ATL,00-0036947,MayfJa00,jalen-mayfield-1,Jalen Mayfield,false,OL,OL,O,Michigan,21,2023,0,0,1,7,,7,19,0,0,0,0,0,0,0,0,0,0,0,,,
2021,3,69,CIN,00-0036902,OssaJo00,joseph-ossai-1,Joseph Ossai,false,LB,LB,D,Texas,21,2025,0,0,0,10,,10,61,0,0,0,0,0,0,0,0,0,0,0,59,,14.5
2021,3,70,CAR,00-0036968,ChriBr00,brady-christensen-1,Brady Christensen,false,OL,OL,O,BYU,24,2025,0,0,1,14,,14,59,0,0,0,0,0,0,0,0,0,0,0,1,,
2021,3,71,NYG,00-0036899,RobiAa00,aaron-robinson-2,Aaron Robinson,false,DB,DB,D,Central Florida,22,2022,0,0,0,2,,2,11,0,0,0,0,0,0,0,0,0,0,0,21,,
2021,3,72,DET,00-0036624,McNeAl00,alim-mcneill-1,Alim McNeill,false,DT,DL,D,North Carolina St.,21,2025,0,0,3,23,,23,71,0,0,0,0,0,0,0,0,0,0,0,71,,12.5
2021,3,73,PHI,00-0036916,WillMi08,milton-williams-1,Milton Williams,false,DL,DL,D,Louisiana Tech,22,2025,0,0,1,17,,11,79,0,0,0,0,0,0,0,0,0,0,0,81,,15.0
2021,3,74,WAS,00-0036625,StJuBe00,benjamin-st-juste-1,Benjamin St-Juste,false,DB,DB,D,Minnesota,23,2025,0,0,3,14,,12,70,0,0,0,0,0,0,0,0,0,0,0,184,2,3.0
2021,3,75,DAL,00-0036942,OdigOs00,osa-odighizuwa-1,Osa Odighizuwa,false,DL,DL,D,UCLA,23,2025,0,0,4,31,,31,84,0,0,0,0,0,0,0,0,0,0,0,115,,17.0
2021,3,76,NOR,00-0036937,AdebPa00,paulson-adebo-1,Paulson Adebo,false,CB,DB,D,Stanford,22,2025,0,0,4,22,,19,64,0,0,0,0,0,0,0,0,0,0,0,265,11,
2021,3,77,LAC,00-0036988,PalmJo00,josh-palmer-1,Josh Palmer,false,WR,WR,O,Tennessee,21,2025,0,0,1,21,,19,70,0,0,0,0,0,3,16,0,204,2590,10,2,,
2021,3,78,MIN,00-0037003,SurrCh00,chazz-surratt-1,Chazz Surratt,false,LB,LB,D,North Carolina,24,2025,0,0,0,6,,1,52,0,0,0,0,0,0,0,0,0,0,0,29,,
2021,3,79,LVR,00-0036989,KoonMa00,malcolm-koonce-1,Malcolm Koonce,false,DE,DL,D,Buffalo,23,2025,0,0,1,9,,9,56,0,0,0,0,0,0,0,0,0,0,0,54,,14.5
2021,3,80,LVR,00-0036990,DeabDi00,divine-deablo-1,Divine Deablo,false,DB,DB,D,Virginia Tech,23,2025,0,0,2,25,,19,67,0,0,0,0,0,0,0,0,1,34,0,204,,3.0
2021,3,81,MIA,00-0037004,LongHu00,hunter-long-3,Hunter Long,false,TE,TE,O,Boston Col.,23,2025,0,0,0,2,,0,46,0,0,0,0,0,0,0,0,20,153,2,3,,
2021,3,82,WAS,00-0036626,BrowDy00,dyami-brown-1,Dyami Brown,false,WR,WR,O,North Carolina,21,2025,0,0,0,7,,6,77,1,2,4,0,0,12,67,0,79,1011,5,4,,
2021,3,83,CAR,00-0037005,TremTo00,tommy-tremble-1,Tommy Tremble,false,TE,TE,O,Notre Dame,21,2025,0,0,1,7,,7,78,0,0,0,0,0,3,11,1,112,1031,11,8,,
2021,3,84,DAL,00-0036982,GolsCh00,chauncey-golston-1,Chauncey Golston,false,DL,DL,D,Iowa,23,2025,0,0,0,12,,12,74,0,0,0,0,0,0,0,0,0,0,0,81,1,10.0
2021,3,85,GNB,00-0036991,RodgAm00,amari-rodgers-1,Amari Rodgers,false,WR,WR,O,Clemson,21,2023,0,0,0,2,,1,35,0,0,0,0,0,3,18,0,20,249,1,3,,
2021,3,86,MIN,00-0037006,DaviWy00,wyatt-davis-1,Wyatt Davis,false,OL,OL,O,Ohio St.,22,2022,0,0,0,0,,0,9,0,0,0,0,0,0,0,0,0,0,0,,,
2021,3,87,PIT,00-0036983,GreeKe02,kendrick-green-1,Kendrick Green,false,OL,OL,O,Illinois,22,2025,0,0,1,7,,5,37,0,0,0,0,0,0,0,0,0,0,0,1,,
2021,3,88,SFO,00-0036984,SermTr00,trey-sermon-1,Trey Sermon,false,RB,RB,O,Ohio St.,22,2025,0,0,0,4,,1,46,0,0,0,0,0,134,505,3,22,138,0,1,,
2021,3,89,HOU,00-0036554,CollNi00,nico-collins-1,Nico Collins,false,WR,WR,O,Michigan,22,2025,0,2,1,33,,33,66,0,0,0,0,0,3,22,1,289,4347,24,2,,
2021,3,90,MIN,00-0037007,JonePa00,patrick-jones-ii-1,Patrick Jones II,false,DL,DL,D,Pittsburgh,22,2025,0,0,0,8,,7,61,0,0,0,0,0,0,0,0,0,0,0,67,,13.0
2021,3,91,CLE,00-0036999,SchwAn00,anthony-schwartz-1,Anthony Schwartz,false,WR,WR,O,Auburn,21,2022,0,0,0,2,,2,25,0,0,0,0,0,10,96,1,14,186,1,3,,
2021,3,92,TEN,00-0037000,RiceMo00,monty-rice-2,Monty Rice,false,LB,LB,D,Georgia,22,2025,0,0,0,7,,6,39,0,0,0,0,0,0,0,0,0,0,0,70,,
2021,3,93,BUF,00-0036976,BrowSp00,,Spencer Brown,false,OL,OL,O,Northern Iowa,23,2025,0,0,3,38,,38,73,0,0,0,0,0,0,0,0,0,0,0,1,,
2021,3,94,BAL,00-0036977,ClevBe00,ben-cleveland-2,Ben Cleveland,false,OL,OL,O,Georgia,23,2025,0,0,0,6,,6,64,0,0,0,0,0,0,0,0,0,0,0,,,
2021,3,95,TAM,00-0036985,HainRo00,robert-hainsey-1,Robert Hainsey,false,OL,OL,O,Notre Dame,23,2025,0,0,2,23,,15,75,0,0,0,0,0,0,0,0,0,-3,0,,,
2021,3,96,NWE,00-0036978,PerkRo00,ronnie-perkins-1,Ronnie Perkins,false,DE,DL,D,Oklahoma,21,2023,0,0,0,0,,,7,0,0,0,0,0,0,0,0,0,0,0,9,,
2021,3,97,LAC,00-0037011,McKiTr00,tre-mckitty-1,Tre' McKitty,false,TE,TE,O,Georgia,22,2023,0,0,0,1,,1,34,0,0,0,0,0,0,0,0,16,117,0,2,,
2021,3,98,DEN,00-0037001,MeinQu02,,Quinn Meinerz,false,C,OL,O,Wisconsin–Whitewater,22,2025,2,1,3,34,,34,79,0,0,0,0,0,0,0,0,0,0,0,1,,
2021,3,99,DAL,00-0036986,WrigNa00,nahshon-wright-1,Nahshon Wright,false,DB,DB,D,Oregon St.,22,2025,0,1,0,11,,2,50,0,0,0,0,0,0,0,0,0,0,0,81,6,
2021,3,100,TEN,00-0036992,MoldEl00,elijah-molden-1,Elijah Molden,false,DB,DB,D,Washington,22,2025,0,0,1,16,,6,60,0,0,0,0,0,0,0,0,0,0,0,165,6,
2021,3,101,DET,00-0036993,MeliIf00,ifeatu-melifonwu-1,Ifeatu Melifonwu,false,DB,DB,D,Syracuse,22,2025,0,0,0,8,,6,53,0,0,0,0,0,0,0,0,0,0,0,84,3,5.5
2021,3,102,SFO,00-0037008,ThomAm00,ambry-thomas-1,Ambry Thomas,false,DB,DB,D,Michigan,21,2023,0,0,0,6,,6,42,0,0,0,0,0,0,0,0,0,0,0,61,2,
2021,3,103,LAR,00-0036994,JoneEr01,ernest-jones-3,Ernest Jones,false,LB,LB,D,South Carolina,21,2025,0,0,2,37,,13,78,0,0,0,0,0,0,0,0,0,0,0,313,9,6.5
2021,3,104,BAL,00-0036987,StepBr01,brandon-stephens-2,Brandon Stephens,false,CB,DB,D,SMU,23,2025,0,0,3,20,,16,81,0,0,0,0,0,0,0,0,0,0,0,243,2,2.0
2021,3,105,DEN,00-0036995,BrowBa01,baron-browning-1,Baron Browning,false,LB,LB,D,Ohio St.,22,2025,0,0,1,18,,15,66,0,0,0,0,0,0,0,0,0,0,0,91,2,13.5
2021,4,106,JAX,00-0036881,TufeJa00,jay-tufele-1,Jay Tufele,false,DL,DL,D,USC,22,2025,0,0,0,5,,0,46,0,0,0,0,0,0,0,0,0,0,0,21,,0.5
2021,4,107,NYJ,00-0036924,CartMi03,michael-carter-5,Michael Carter,false,RB,RB,O,North Carolina,22,2025,0,0,2,16,,11,61,0,0,0,0,0,418,1692,9,145,1038,1,1,,
2021,4,108,ATL,00-0036956,HallDa03,darren-hall-1,Darren Hall,false,CB,DB,D,San Diego St.,21,2025,0,0,1,5,,4,48,0,0,0,0,0,0,0,0,0,0,0,59,,1.0
2021,4,109,TEN,00-0036627,FitzDe00,dez-fitzpatrick-1,Dez Fitzpatrick,false,WR,WR,O,Louisville,23,2024,0,0,0,0,,0,7,0,0,0,0,0,0,0,0,5,49,1,1,,
2021,4,110,CLE,00-0036866,HudsJa00,james-hudson-1,James Hudson,false,OL,OL,O,Cincinnati,22,2025,0,0,0,9,,8,60,0,0,0,0,0,0,0,0,0,0,0,,,
2021,4,111,CIN,00-0036850,SampCa00,cameron-sample-1,Cameron Sample,false,DE,DL,D,Tulane,21,2025,0,0,0,7,,7,61,0,0,0,0,0,0,0,0,0,0,0,53,,7.0
2021,4,112,DET,00-0036963,StxxAm00,amon-ra-st-brown-1,Amon-Ra St. Brown,false,WR,WR,O,USC,21,2025,2,4,3,57,,57,83,1,1,7,1,0,25,195,1,547,6252,44,1,,
2021,4,113,DET,00-0036964,BarnDe02,derrick-barnes-2,Derrick Barnes,false,DE,DL,D,Purdue,22,2025,0,0,1,17,,17,68,0,0,0,0,0,0,0,0,0,0,0,159,1,8.0
2021,4,114,ATL,00-0036957,DalmDr00,drew-dalman-1,Drew Dalman,false,C,OL,O,Stanford,22,2025,0,1,2,25,,15,74,0,0,0,0,0,0,0,0,0,0,0,1,,
2021,4,115,DAL,00-0036882,CoxxJa00,jabril-cox-1,Jabril Cox,false,LB,LB,D,LSU,23,2023,0,0,0,3,,2,26,0,0,0,0,0,0,0,0,0,0,0,7,,
2021,4,116,NYG,00-0036895,SmitEl00,,Elerson Smith,false,DL,DL,D,Northern Iowa,23,2024,0,0,0,1,,1,15,0,0,0,0,0,0,0,0,0,0,0,4,,
2021,4,117,LAR,00-0036903,BrowBo04,bobby-brown-iii-1,Bobby Brown,false,DL,DL,D,Texas A&M,21,2025,0,0,2,16,,13,66,0,0,0,0,0,0,0,0,0,0,0,50,,1.0
2021,4,118,LAC,00-0036867,RumpCh00,chris-rumph-ii-1,Chris Rumph,false,DE,DL,D,Duke,22,2025,0,0,0,4,,3,54,0,0,0,0,0,0,0,0,0,0,0,43,,5.0
2021,4,119,MIN,00-0036842,NwanKe00,kene-nwangwu-1,Kene Nwangwu,false,RB,RB,O,Iowa St.,23,2025,0,0,0,5,,3,51,0,0,0,0,0,40,137,0,6,30,0,5,,
2021,4,120,NWE,00-0036875,StevRh00,rhamondre-stevenson-1,Rhamondre Stevenson,false,RB,RB,O,Oklahoma,23,2025,0,0,2,28,,28,70,0,0,0,0,0,836,3669,28,186,1295,4,3,,
2021,4,121,JAX,00-0036868,SmitJo03,jordan-smith-5,Jordan Smith,false,OLB,LB,D,Ala-Birmingham,23,2021,0,0,0,0,,0,2,0,0,0,0,0,0,0,0,0,0,0,1,,
2021,4,122,CIN,00-0036851,ShelTy00,tyler-shelvin-1,Tyler Shelvin,false,DT,DL,D,LSU,23,2022,0,0,0,0,,0,5,0,0,0,0,0,0,0,0,0,0,0,1,,
2021,4,123,PHI,00-0036917,McPhZe00,zech-mcphearson-1,Zech McPhearson,false,DB,DB,D,Texas Tech,23,2022,0,0,0,2,,2,33,0,0,0,0,0,0,0,0,0,0,0,19,,1.0
2021,4,124,WAS,00-0036628,BateJo00,john-bates-1,John Bates,false,TE,TE,O,Boise St.,23,2025,0,0,0,6,,6,82,0,0,0,0,0,0,0,0,72,695,3,5,,
2021,4,125,MIN,00-0036629,BynuCa00,camryn-bynum-1,Camryn Bynum,false,CB,DB,D,California,23,2025,0,0,3,26,,19,82,0,0,0,0,0,0,0,0,0,0,0,267,12,2.5
2021,4,126,CAR,00-0036555,HubbCh01,chuba-hubbard-1,Chuba Hubbard,false,RB,RB,O,Oklahoma St.,22,2025,0,0,2,27,,27,79,0,0,0,0,0,889,3686,23,151,972,5,4,,
2021,4,127,IND,00-0036876,GranKy00,kylen-granson-1,Kylen Granson,false,TE,TE,O,SMU,23,2025,0,0,0,8,,8,79,0,0,0,0,0,2,2,0,93,998,1,18,,
2021,4,128,PIT,00-0036869,MoorDa05,dan-moore-jr-1,Dan Moore,false,OL,OL,O,Texas A&M,22,2025,0,0,4,32,,28,82,0,0,0,0,0,0,0,0,0,0,0,,,
2021,4,129,TAM,00-0036877,DardJa00,jaelon-darden-1,Jaelon Darden,false,WR,WR,O,North Texas,22,2024,0,0,0,0,,0,36,0,0,0,0,0,2,13,0,9,75,0,,,
2021,4,130,LAR,00-0036904,RochRo00,,Robert Rochell,false,DB,DB,D,Central Arkansas,23,2025,0,0,0,4,,3,54,0,0,0,0,0,0,0,0,0,0,0,24,1,
2021,4,131,BAL,00-0036630,WallTy00,tylan-wallace-1,Tylan Wallace,false,WR,WR,O,Oklahoma St.,22,2025,0,0,0,3,,3,68,0,0,0,0,0,0,0,0,22,305,2,13,,
2021,4,132,CLE,00-0036883,TogiTo00,tommy-togiai-1,Tommy Togiai,false,DT,DL,D,Ohio St.,21,2025,0,0,0,7,,2,41,0,0,0,0,0,0,0,0,0,0,0,50,,4.0
2021,4,133,NOR,00-0036929,BookIa00,ian-book-1,Ian Book,false,QB,QB,O,Notre Dame,23,2021,0,0,0,0,,0,1,12,20,135,0,2,3,6,0,0,0,0,,,
2021,4,134,MIN,00-0036878,RobiJa04,janarius-robinson-1,Janarius Robinson,false,DE,DL,D,Florida St.,22,2024,0,0,0,2,,,16,0,0,0,0,0,0,0,0,0,0,0,7,,1.5
2021,4,135,TEN,00-0036938,WeavRa00,rashad-weaver-1,Rashad Weaver,false,DL,DL,D,Pittsburgh,23,2024,0,0,0,5,,5,36,0,0,0,0,0,0,0,0,0,0,0,29,,5.5
2021,4,136,ARI,00-0036884,WilsMa04,marco-wilson-1,Marco Wilson,false,CB,DB,D,Florida,22,2025,0,0,3,12,,12,64,0,0,0,0,0,0,0,0,0,0,0,138,3,
2021,4,137,SEA,00-0036885,BrowTr03,tre-brown-2,Tre Brown,false,CB,DB,D,Oklahoma,23,2025,0,0,0,6,,6,49,0,0,0,0,0,0,0,0,0,0,0,67,2,1.0
2021,4,138,DAL,00-0036886,BallJo00,josh-ball-1,Josh Ball,false,OL,OL,O,Marshall,23,2022,0,0,0,1,,1,13,0,0,0,0,0,0,0,0,0,0,0,,,
2021,4,139,CIN,00-0036852,SmitDA03,dante-smith-1,D'Ante Smith,false,T,OL,O,East Carolina,23,2022,0,0,0,1,,1,3,0,0,0,0,0,0,0,0,0,0,0,,,
2021,4,140,PIT,00-0036870,JohnBu01,buddy-johnson-1,Buddy Johnson,false,LB,LB,D,Texas A&M,22,2025,0,0,0,2,,0,33,0,0,0,0,0,0,0,0,0,0,0,16,,
2021,4,141,LAR,00-0036918,HarrJa03,jacob-harris-2,Jacob Harris,false,WR,WR,O,Central Florida,24,2023,0,0,0,0,,0,18,0,0,0,0,0,0,0,0,1,6,0,2,,
2021,4,142,GNB,00-0036631,NewmRo00,royce-newman-1,Royce Newman,false,G,OL,O,Mississippi,24,2024,0,0,1,14,,14,52,0,0,0,0,0,0,0,0,0,0,0,1,,
2021,4,143,LVR,00-0036853,GillTy00,tyree-gillespie-1,Tyree Gillespie,false,S,DB,D,Missouri,23,2022,0,0,0,1,,1,14,0,0,0,0,0,0,0,0,0,0,0,1,,
2021,4,144,KAN,00-0036632,KainJo00,joshua-kaindoh-1,Joshua Kaindoh,false,DE,DL,D,Florida St.,22,2021,0,0,0,0,,0,3,0,0,0,0,0,0,0,0,0,0,0,,,
2021,5,145,JAX,00-0036887,FarrLu00,luke-farrell-1,Luke Farrell,false,TE,TE,O,Ohio St.,23,2025,0,0,0,3,,2,83,0,0,0,0,0,0,0,0,47,403,2,7,,
2021,5,146,NYJ,00-0036500,SherJa00,jamien-sherwood-1,Jamien Sherwood,false,DB,DB,D,Auburn,21,2025,0,0,1,16,,16,73,0,0,0,0,0,0,0,0,0,0,0,217,,4.5
2021,5,147,HOU,00-0036556,JordBr00,brevin-jordan-1,Brevin Jordan,false,TE,TE,O,Miami (FL),21,2024,0,0,0,4,,4,36,0,0,0,0,0,0,0,0,53,532,5,1,,
2021,5,148,ATL,00-0036948,GrahTa00,taquon-graham-1,Ta'Quon Graham,false,DL,DL,D,Texas,22,2025,0,0,1,9,,9,51,0,0,0,0,0,0,0,0,0,0,0,38,,1.0
2021,5,149,CIN,00-0036854,McPhEv00,evan-mcpherson-1,Evan McPherson,false,K,K,S,Florida,22,2025,0,0,2,15,,15,78,0,0,0,0,0,0,0,0,0,0,0,1,,
2021,5,150,PHI,00-0036919,GainKe00,kenny-gainwell-1,Kenneth Gainwell,false,RB,RB,O,Memphis,22,2025,0,0,0,24,,15,83,1,1,17,0,0,394,1722,17,175,1207,4,7,,
2021,5,151,CHI,00-0036905,BoroLa00,larry-borom-1,Larry Borom,false,OL,OL,O,Missouri,22,2025,0,0,1,17,,13,63,0,0,0,0,0,0,0,0,0,0,0,,,
2021,5,152,DEN,00-0036633,SterCa00,caden-sterns-1,Caden Sterns,false,DB,DB,D,Texas,21,2023,0,0,0,3,,3,21,0,0,0,0,0,0,0,0,0,0,0,36,4,2.0
2021,5,153,CLE,00-0036634,FielTo00,tony-fields-ii-1,Tony Fields,false,LB,LB,D,West Virginia,22,2024,0,0,0,9,,9,45,0,0,0,0,0,0,0,0,0,0,0,48,1,
2021,5,154,NYJ,00-0036501,CartMi02,michael-carter-ii-1,Michael Carter II,false,S,DB,D,Duke,22,2025,0,0,0,11,,10,73,0,0,0,0,0,0,0,0,0,0,0,164,2,1.0
2021,5,155,SFO,00-0036557,MoorJa04,jaylon-moore-1,Jaylon Moore,false,T,OL,O,Western Michigan,23,2025,0,0,0,11,,8,70,0,0,0,0,0,0,0,0,0,0,0,,,
2021,5,156,PIT,00-0036843,LoudIs00,isaiahh-loudermilk-1,Isaiahh Loudermilk,false,DE,DL,D,Wisconsin,23,2025,0,0,0,6,,6,60,0,0,0,0,0,0,0,0,0,0,0,38,,1.0
2021,5,157,MIN,00-0036635,SmitIh00,ihmir-smith-marsette-1,Ihmir Smith-Marsette,false,WR,WR,O,Iowa,22,2024,0,0,0,4,,1,48,0,0,0,0,0,9,73,1,14,182,2,1,,
2021,5,158,CAR,00-0036558,NixoDa00,daviyon-nixon-1,Daviyon Nixon,false,DT,DL,D,Iowa,22,2022,0,0,0,1,,1,14,0,0,0,0,0,0,0,0,0,0,0,4,,0.5
2021,5,159,LAC,00-0036636,JaimBr00,brenden-jaimes-1,Brenden Jaimes,false,OL,OL,O,Nebraska,22,2025,0,0,0,5,,5,50,0,0,0,0,0,0,0,0,0,0,0,,,
2021,5,160,BAL,00-0036559,WadeSh00,shaun-wade-1,Shaun Wade,false,CB,DB,D,Ohio St.,22,2023,0,0,0,3,,,20,0,0,0,0,0,0,0,0,0,0,0,23,,
2021,5,161,BUF,00-0036560,DoylTo00,tommy-doyle-2,Tommy Doyle,false,OL,OL,O,Miami (OH),23,2022,0,0,0,1,,1,12,0,0,0,0,0,0,0,0,0,0,0,,,
2021,5,162,KAN,00-0036637,GrayNo00,noah-gray-1,Noah Gray,false,TE,TE,O,Duke,22,2025,0,0,2,11,,11,83,0,0,0,0,0,3,-2,1,124,1255,9,4,,
2021,5,163,WAS,00-0036638,ForrDa00,darrick-forrest-1,Darrick Forrest,false,S,DB,D,Cincinnati,22,2024,0,0,1,7,,7,40,0,0,0,0,0,0,0,0,0,0,0,84,4,
2021,5,164,DEN,00-0036639,JohnJa15,jamar-johnson-1,Jamar Johnson,false,DB,DB,D,Indiana,21,2021,0,0,0,0,,0,3,0,0,0,0,0,0,0,0,0,0,0,,,
2021,5,165,IND,00-0036481,DaviSh02,shawn-davis-3,Shawn Davis,false,DB,DB,D,Florida,23,2021,0,0,0,0,,,1,0,0,0,0,0,0,0,0,0,0,0,,,
2021,5,166,CAR,00-0036561,TaylKe03,keith-taylor-3,Keith Taylor,false,DB,DB,D,Washington,22,2025,0,0,0,5,,4,47,0,0,0,0,0,0,0,0,0,0,0,62,,
2021,5,167,LVR,00-0036871,HobbNa00,nate-hobbs-1,Nate Hobbs,false,CB,DB,D,Illinois,22,2025,0,0,3,14,,12,62,0,0,0,0,0,0,0,0,0,0,0,214,3,3.0
2021,5,168,MIN,00-0036640,DaviZa00,,Zach Davidson,false,TE,TE,O,Central Missouri St.,23,2025,0,0,0,0,,,3,0,0,0,0,0,0,0,0,1,5,0,,,
2021,5,169,CLE,00-0036641,LeCoRi00,richard-lecounte-iii-1,Richard LeCounte,false,DB,DB,D,Georgia,22,2023,0,0,0,1,,1,12,0,0,0,0,0,0,0,0,0,0,0,2,,
2021,5,170,HOU,00-0036844,WallGa00,garret-wallow-1,Garret Wallow,false,LB,LB,D,TCU,22,2025,0,0,0,5,,4,46,0,0,0,0,0,0,0,0,0,0,0,28,,1.0
2021,5,171,BAL,00-0036562,HayeDa00,daelin-hayes-1,Daelin Hayes,false,DL,DL,D,Notre Dame,23,2021,0,0,0,0,,0,1,0,0,0,0,0,0,0,0,0,0,0,,,
2021,5,172,SFO,00-0036563,LenoDe00,deommodore-lenoir-1,Deommodore Lenoir,false,CB,DB,D,Oregon,21,2025,0,0,3,21,,21,79,0,0,0,0,0,0,0,0,0,0,0,216,8,1.0
2021,5,173,GNB,00-0036642,SlatTe00,tedarrell-slaton-1,Tedarrell Slaton,false,DL,DL,D,Florida,23,2025,0,0,2,23,,17,85,0,0,0,0,0,0,0,0,0,0,0,86,,5.0
2021,5,174,LAR,00-0036855,BrowEa00,earnest-brown-iv-1,Earnest Brown IV,false,DE,DL,D,Northwestern,22,2024,0,0,0,1,,1,15,0,0,0,0,0,0,0,0,0,0,0,5,,
2021,5,175,NYJ,00-0036502,PinnJa01,jason-pinnock-1,Jason Pinnock,false,CB,DB,D,Pittsburgh,22,2025,0,0,2,16,,1,75,0,0,0,0,0,0,0,0,0,0,0,180,2,6.5
2021,5,176,TAM,00-0036643,BritKJ00,kj-britt-1,K.J. Britt,false,LB,LB,D,Auburn,22,2025,0,0,1,10,,10,76,0,0,0,0,0,0,0,0,0,0,0,80,,0.5
2021,5,177,NWE,00-0036644,McGrCa00,cameron-mcgrone-1,Cameron McGrone,false,LB,LB,D,Michigan,21,2025,0,0,0,2,,,27,0,0,0,0,0,0,0,0,0,0,0,8,,
2021,5,178,GNB,00-0036645,JeanSh00,shemar-jean-charles-1,Shemar Jean-Charles,false,DB,DB,D,Appalachian St.,23,2024,0,0,0,2,,1,37,0,0,0,0,0,0,0,0,0,0,0,16,1,
2021,5,179,DAL,00-0036646,FehoSi00,simi-fehoko-1,Simi Fehoko,false,WR,WR,O,Stanford,23,2025,0,0,0,1,,0,32,0,0,0,0,0,0,0,0,10,139,1,5,,
2021,5,180,SFO,00-0036564,HufaTa00,talanoa-hufanga-1,Talanoa Hufanga,false,S,DB,D,USC,22,2025,1,1,2,29,,19,66,0,0,0,0,0,0,0,0,0,0,0,216,7,4.0
2021,5,181,KAN,00-0036647,PoweCo00,cornell-powell-1,Cornell Powell,false,WR,WR,O,Clemson,23,2022,0,0,0,0,,0,3,0,0,0,0,0,0,0,0,0,0,0,,,
2021,5,182,ATL,00-0036949,OgunAd01,adetokunbo-ogundeji-1,Adetokunbo Ogundeji,false,DL,DL,D,Notre Dame,22,2024,0,0,2,10,,10,35,0,0,0,0,0,0,0,0,0,0,0,37,,3.0
2021,5,183,ATL,00-0036950,WillAv02,avery-williams-6,Avery Williams,false,CB,DB,D,Boise St.,23,2025,0,0,0,2,,2,50,0,0,0,0,0,22,109,1,13,61,0,13,,
2021,5,184,BAL,00-0036565,MasoBe00,ben-mason-1,Ben Mason,false,FB,RB,O,Michigan,22,2023,0,0,0,0,,0,1,0,0,0,0,0,0,0,0,0,0,0,,,
2021,6,185,LAC,00-0036648,NiemNi00,nick-niemann-1,Nick Niemann,false,LB,LB,D,Iowa,23,2025,0,0,0,5,,5,71,0,0,0,0,0,1,0,0,0,0,0,54,1,
2021,6,186,NYJ,00-0036503,NasiHa00,hamsah-nasirildeen-1,Hamsah Nasirildeen,false,DB,DB,D,Florida St.,22,2022,0,0,0,2,,2,19,0,0,0,0,0,0,0,0,0,0,0,5,,
2021,6,187,ATL,00-0036951,DarbFr00,frank-darby-1,Frank Darby,false,WR,WR,O,Arizona St.,23,2023,0,0,0,0,,0,16,0,0,0,0,0,0,0,0,2,29,0,,,
2021,6,188,NWE,00-0036872,BledJo00,joshuah-bledsoe-1,Joshuah Bledsoe,false,S,DB,D,Missouri,22,2023,0,0,0,0,,0,4,0,0,0,0,0,0,0,0,0,0,0,,,
2021,6,189,PHI,00-0036920,TuipMa00,marlon-tuipulotu-1,Marlon Tuipulotu,false,DL,DL,D,USC,22,2025,0,0,0,2,,2,33,0,0,0,0,0,0,0,0,0,0,0,24,,3.0
2021,6,190,CIN,00-0036856,HillTr03,trey-hill-1,Trey Hill,false,OL,OL,O,Georgia,21,2024,0,0,0,3,,3,25,0,0,0,0,0,0,0,0,0,0,0,,,
2021,6,191,PHI,00-0036921,JackTa02,tarron-jackson-1,Tarron Jackson,false,DE,DL,D,Coastal Carolina,23,2024,0,0,0,1,,1,24,0,0,0,0,0,0,0,0,0,0,0,11,,1.0
2021,6,192,DAL,00-0036649,BohaQu00,quinton-bohanna-1,Quinton Bohanna,false,DT,DL,D,Kentucky,22,2025,0,0,1,8,,6,40,0,0,0,0,0,0,0,0,0,0,0,16,,
2021,6,193,CAR,00-0036566,BrowDe06,deonte-brown-1,Deonte Brown,false,OL,OL,O,Alabama,23,2021,0,0,0,0,,0,3,0,0,0,0,0,0,0,0,0,0,0,,,
2021,6,194,SFO,00-0036567,MitcEl00,elijah-mitchell-2,Elijah Mitchell,false,RB,RB,O,Louisiana,23,2025,0,0,0,11,,11,28,0,0,0,0,0,327,1523,9,28,158,1,,,
2021,6,195,HOU,00-0036568,LopeRo00,roy-lopez-1,Roy Lopez,false,DL,DL,D,Arizona,24,2025,0,0,3,22,,12,80,0,0,0,0,0,0,0,0,0,0,0,83,,5.0
2021,6,196,NYG,00-0036569,BrigGa00,gary-brightwell-1,Gary Brightwell,false,RB,RB,O,Arizona,22,2025,0,0,0,1,,1,41,0,0,0,0,0,41,164,1,11,92,0,3,,
2021,6,197,NWE,00-0036535,SherWi01,william-sherman-1,William Sherman,false,OL,OL,O,Colorado,22,2025,0,0,0,1,,0,8,0,0,0,0,0,0,0,0,0,0,0,,,
2021,6,198,LAC,00-0036650,RounLa00,larry-rountree-iii-1,Larry Rountree,false,RB,RB,O,Missouri,22,2022,0,0,0,1,,1,16,0,0,0,0,0,49,106,1,3,13,0,,,
2021,6,199,MIN,00-0036651,TwymJa00,jaylen-twyman-1,Jaylen Twyman,false,DL,DL,D,Pittsburgh,22,,0,0,0,,,,,,,,,,,,,,,,,,
2021,6,200,NYJ,00-0036504,EchoBr00,brandin-echols-1,Brandin Echols,false,CB,DB,D,Kentucky,23,2025,0,0,1,11,,9,73,0,0,0,0,0,0,0,0,1,18,0,126,7,1.0
2021,6,201,NYG,00-0036570,WillRo07,rodarius-williams-1,Rodarius Williams,false,CB,DB,D,Oklahoma St.,24,2022,0,0,0,1,,1,8,0,0,0,0,0,0,0,0,0,0,0,16,1,
2021,6,202,CIN,00-0036857,EvanCh02,chris-evans-2,Chris Evans,false,RB,RB,O,Michigan,23,2023,0,0,0,2,,2,34,0,0,0,0,0,19,89,0,19,188,3,6,,
2021,6,203,BUF,00-0036571,StevMa00,marquez-stevenson-1,Marquez Stevenson,false,WR,WR,O,Houston,23,2021,0,0,0,0,,0,5,0,0,0,0,0,0,0,0,0,0,0,,,
2021,6,204,CAR,00-0036572,SmitSh03,shi-smith-1,Shi Smith,false,WR,WR,O,South Carolina,22,2022,0,0,0,4,,4,23,0,0,0,0,0,1,-3,0,28,400,2,4,,
2021,6,205,TEN,00-0036652,McMaRa00,racey-mcmath-1,Racey McMath,false,WR,WR,O,LSU,22,2022,0,0,0,0,,0,14,0,0,0,0,0,1,4,0,4,48,0,2,,
2021,6,206,NOR,00-0036930,YounLa00,landon-young-1,Landon Young,false,T,OL,O,Kentucky,24,2024,0,0,0,9,,9,56,0,0,0,0,0,0,0,0,0,0,0,,,
2021,6,207,NYJ,00-0036505,MarsJo00,jonathan-marshall-1,Jonathan Marshall,false,DL,DL,D,Arkansas,23,2021,0,0,0,0,,0,4,0,0,0,0,0,0,0,0,0,0,0,1,,
2021,6,208,SEA,00-0036653,ForsSt00,stone-forsythe-1,Stone Forsythe,false,OL,OL,O,Florida,23,2025,0,0,0,13,,9,70,0,0,0,0,0,0,0,0,0,0,0,,,
2021,6,209,JAX,00-0036858,CampJa03,jalen-camp-1,Jalen Camp,false,WR,WR,O,Georgia Tech,23,2022,0,0,0,0,,,5,0,0,0,0,0,0,0,0,1,7,0,,,
2021,6,210,ARI,00-0036896,DimuVi00,victor-dimukeje-1,Victor Dimukeje,false,DE,DL,D,Duke,21,2025,0,0,0,6,,6,60,0,0,0,0,0,0,0,0,0,0,0,43,,4.0
2021,6,211,CLE,00-0036654,FeltDe00,demetric-felton-1,Demetric Felton,false,RB,RB,O,UCLA,23,2022,0,0,0,2,,2,24,0,0,0,0,0,8,20,0,20,189,2,3,,
2021,6,212,BUF,00-0036888,HamlDa00,damar-hamlin-1,Damar Hamlin,false,DB,DB,D,Pittsburgh,23,2025,0,0,2,11,,11,53,0,0,0,0,0,0,0,0,0,0,0,130,2,1.5
2021,6,213,BUF,00-0036573,WildRa00,rachad-wildgoose-1,Rachad Wildgoose,false,CB,DB,D,Wisconsin,21,2022,0,0,0,2,,,20,0,0,0,0,0,0,0,0,0,0,0,13,,
2021,6,214,GNB,00-0036655,VanxCo00,cole-van-lanen-1,Cole Van Lanen,false,OL,OL,O,Wisconsin,23,2025,0,0,0,9,,0,51,0,0,0,0,0,0,0,0,0,0,0,,,
2021,6,215,TEN,00-0036656,BreeBr00,brady-breeze-1,Brady Breeze,false,S,DB,D,Oregon,23,2022,0,0,0,0,,0,11,0,0,0,0,0,0,0,0,0,0,0,5,,
2021,6,216,PIT,00-0036845,RochQu00,quincy-roche-1,Quincy Roche,false,DL,DL,D,Miami (FL),23,2022,0,0,0,2,,,17,0,0,0,0,0,0,0,0,0,0,0,23,,2.5
2021,6,217,CHI,00-0036906,HerbKh00,khalil-herbert-1,Khalil Herbert,false,RB,RB,O,Virginia Tech,23,2025,0,0,1,13,,12,63,0,0,0,0,0,416,1957,9,54,316,2,7,,
2021,6,218,IND,00-0036879,EhliSa00,sam-ehlinger-1,Sam Ehlinger,false,QB,QB,O,Texas,22,2023,0,0,0,2,,2,8,64,101,573,3,3,20,96,0,0,0,0,,,
2021,6,219,DEN,00-0036657,WillSe00,seth-williams-1,Seth Williams,false,WR,WR,O,Auburn,21,2021,0,0,0,0,,0,2,0,0,0,0,0,0,0,0,1,34,0,,,
2021,6,220,GNB,00-0036658,McDuIs00,isaiah-mcduffie-1,Isaiah McDuffie,false,LB,LB,D,Boston Col.,22,2025,0,0,1,19,,19,80,0,0,0,0,0,0,0,0,0,0,0,176,1,2.0
2021,6,221,CHI,00-0036907,NewsDa00,dazz-newsome-1,Dazz Newsome,false,WR,WR,O,North Carolina,22,2021,0,0,0,0,,0,3,0,0,0,0,0,0,0,0,2,23,0,1,,
2021,6,222,CAR,00-0036574,FletTh00,thomas-fletcher-1,Thomas Fletcher,false,LS,LS,S,Alabama,22,,0,0,0,,,,,,,,,,,,,,,,,,
2021,6,223,ARI,00-0036897,GowaTa00,tay-gowan-1,Tay Gowan,false,DB,DB,D,Central Florida,23,2023,0,0,0,0,,,6,0,0,0,0,0,0,0,0,0,0,0,1,,
2021,6,224,PHI,00-0036925,StevJa00,jacoby-stevens-1,JaCoby Stevens,false,S,DB,D,LSU,23,2021,0,0,0,0,,0,2,0,0,0,0,0,0,0,0,0,0,0,1,,
2021,6,225,WAS,00-0036659,CheeCa00,cameron-cheeseman-1,Camaron Cheeseman,false,LS,LS,S,Michigan,23,2023,0,0,0,3,,3,48,0,0,0,0,0,0,0,0,0,0,0,,,
2021,6,226,KAN,00-0036660,SmitTr05,trey-smith-5,Trey Smith,false,OL,OL,O,Tennessee,22,2025,0,2,4,36,,36,79,0,0,0,0,0,0,0,0,0,0,0,1,,
2021,6,227,DAL,00-0036661,MukuIs00,israel-mukuamu-1,Israel Mukuamu,false,DB,DB,D,South Carolina,21,2025,0,0,0,4,,4,51,0,0,0,0,0,0,0,0,0,0,0,29,3,
2021,6,228,CHI,00-0036908,GrahTh00,thomas-graham-jr-1,Thomas Graham,false,CB,DB,D,Oregon,22,2024,0,0,0,0,,0,12,0,0,0,0,0,0,0,0,0,0,0,11,,
2021,7,229,IND,00-0036482,StraMi03,,Mike Strachan,false,WR,WR,O,Charleston (WV),24,2023,0,0,0,0,,0,23,0,0,0,0,0,0,0,0,6,130,0,,,
2021,7,230,LVR,00-0036859,MorrJi00,jimmy-morrissey-1,Jimmy Morrissey,false,OL,OL,O,Pittsburgh,23,2025,0,0,0,1,,,15,0,0,0,0,0,0,0,0,0,0,0,,,
2021,7,231,MIA,00-0036575,ColeLa03,larnel-coleman-1,Larnel Coleman,false,T,OL,O,Massachusetts,23,2022,0,0,0,0,,0,1,0,0,0,0,0,0,0,0,0,0,0,,,
2021,7,232,CAR,00-0036576,HoskPh00,phil-hoskins-1,Phil Hoskins,false,DT,DL,D,Kentucky,24,2023,0,0,0,1,,0,13,0,0,0,0,0,0,0,0,0,0,0,6,,1.0
2021,7,233,LAR,00-0036860,FunkJa00,jake-funk-1,Jake Funk,false,RB,RB,O,Maryland,23,2023,0,0,0,0,,0,20,0,0,0,0,0,4,15,0,1,12,0,1,,
2021,7,234,PHI,00-0036922,JohnPa02,patrick-johnson-4,Patrick Johnson,false,DE,DL,D,Tulane,23,2025,0,0,0,6,,5,70,0,0,0,0,0,0,0,0,0,0,0,29,,1.0
2021,7,235,CIN,00-0036861,HubeWy00,wyatt-hubert-1,Wyatt Hubert,false,DE,DL,D,Kansas St.,23,,0,0,0,,,,,,,,,,,,,,,,,,
2021,7,236,BUF,00-0036577,AndeJa01,jack-anderson-3,Jack Anderson,false,OL,OL,O,Texas Tech,22,2023,0,0,0,2,,,15,0,0,0,0,0,0,0,0,0,0,0,,,
2021,7,237,DEN,00-0036662,VincKa00,kary-vincent-jr-1,Kary Vincent Jr.,false,CB,DB,D,LSU,22,2021,0,0,0,0,,,2,0,0,0,0,0,0,0,0,0,0,0,2,,
2021,7,238,DAL,00-0036663,FarnMa00,matt-farniok-1,Matt Farniok,false,G,OL,O,Nebraska,23,2022,0,0,0,2,,2,19,0,0,0,0,0,0,0,0,0,0,0,1,,
2021,7,239,DEN,00-0036952,CoopJo02,jonathon-cooper-1,Jonathon Cooper,false,DE,DL,D,Ohio St.,23,2025,0,0,3,32,,32,81,0,0,0,0,0,0,0,0,0,0,0,145,1,31.5
2021,7,240,WAS,00-0036664,BradWi00,william-bradley-king-1,William Bradley-King,false,OLB,LB,D,Baylor,23,2022,0,0,0,0,,0,4,0,0,0,0,0,0,0,0,0,0,0,1,,0.5
2021,7,241,LAC,00-0036665,WebbMa01,mark-webb-1,Mark Webb,false,DB,DB,D,Georgia,22,2021,0,0,0,0,,0,7,0,0,0,0,0,0,0,0,0,0,0,3,,
2021,7,242,NWE,00-0036536,NixoTr01,tre-nixon-1,Tre Nixon,false,WR,WR,O,Central Florida,23,,0,0,0,,,,,,,,,,,,,,,,,,
2021,7,243,ARI,00-0036889,WiggJa00,james-wiggins-1,James Wiggins,false,S,DB,D,Cincinnati,24,2021,0,0,0,0,,0,3,0,0,0,0,0,0,0,0,0,0,0,,,
2021,7,244,MIA,00-0036578,DoakGe00,gerrid-doaks-1,Gerrid Doaks,false,RB,RB,O,Cincinnati,23,,0,0,0,,,,,,,,,,,,,,,,,,
2021,7,245,PIT,00-0036846,NorwTr00,tre-norwood-1,Tre Norwood,false,DB,DB,D,Oklahoma,22,2022,0,0,0,3,,3,32,0,0,0,0,0,0,0,0,0,0,0,49,1,
2021,7,246,WAS,00-0036666,ToneSh00,shaka-toney-1,Shaka Toney,false,DE,DL,D,Penn St.,23,2022,0,0,0,2,,2,26,0,0,0,0,0,0,0,0,0,0,0,6,,1.5
2021,7,247,ARI,00-0036890,MeneMi00,michal-menet-1,Michal Menet,false,OL,OL,O,Penn St.,24,,0,0,0,,,,,,,,,,,,,,,,,,
2021,7,248,IND,00-0036483,FrieWi00,will-fries-1,Will Fries,false,OL,OL,O,Penn St.,23,2025,0,0,2,17,,11,58,0,0,0,0,0,0,0,0,0,0,0,1,,
2021,7,249,LAR,00-0036862,SkowBe00,ben-skowronek-1,Ben Skowronek,false,WR,WR,O,Notre Dame,24,2025,0,1,1,8,,6,72,0,0,0,0,0,3,26,1,67,713,2,33,,
2021,7,250,CHI,00-0036909,TongKh00,khyiris-tonga-1,Khyiris Tonga,false,DL,DL,D,BYU,25,2025,0,0,0,9,,2,67,0,0,0,0,0,0,0,0,0,0,0,46,,0.5
2021,7,251,TAM,00-0036667,WilcCh00,chris-wilcox-1,Chris Wilcox,false,DB,DB,D,BYU,23,,0,0,0,,,,,,,,,,,,,,,,,,
2021,7,252,LAR,00-0036863,GarrCh00,,Chris Garrett,false,DE,DL,D,Concordia-St.Paul (MN),23,2021,0,0,0,0,,0,1,0,0,0,0,0,0,0,0,0,0,0,,,
2021,7,253,DEN,00-0036668,SpenMa00,marquiss-spencer-1,Marquiss Spencer,false,DE,DL,D,Mississippi St.,24,2021,0,0,0,0,,0,1,0,0,0,0,0,0,0,0,0,0,0,,,
2021,7,254,PIT,00-0036847,HarvPr00,pressley-harvin-iii-1,Pressley Harvin III,false,P,P,S,Georgia Tech,22,2023,0,0,2,4,,4,47,0,0,0,0,0,0,0,0,0,0,0,1,,
2021,7,255,NOR,00-0036939,BakeKa00,kawaan-baker-1,Kawaan Baker,false,WR,WR,O,South Alabama,23,2021,0,0,0,0,,0,2,0,0,0,0,0,0,0,0,0,0,0,1,,
2021,7,256,GNB,00-0036669,HillKy00,kylin-hill-1,Kylin Hill,false,RB,RB,O,Mississippi St.,23,2022,0,0,0,0,,0,10,0,0,0,0,0,11,31,0,1,5,0,1,,
2021,7,257,DET,00-0036670,JeffJe00,jermar-jefferson-1,Jermar Jefferson,false,RB,RB,O,Oregon St.,21,2025,0,0,0,1,,1,11,0,0,0,0,0,21,96,2,5,33,0,,,
2021,7,258,WAS,00-0036671,MilnDa00,dax-milne-1,Dax Milne,false,WR,WR,O,BYU,22,2022,0,0,0,1,,1,28,0,0,0,0,0,1,1,0,15,120,1,,,
2021,7,259,TAM,00-0036672,StuaGr00,grant-stuard-1,Grant Stuard,false,LB,LB,D,Houston,22,2025,0,0,0,7,,1,83,0,0,0,0,0,1,0,0,0,0,0,54,,
